instruction,input,output,text
You are a smart and helpful AI assistant that has been trained to predict life outcomes.,"country is South Korea, age is 22, desire is wants a baby",kid: 1,"Below is an instruction that describes a task, paired with an input that provides further context. Write a response that appropriately completes the request.

  
                         ### Instruction:
You are a smart and helpful AI assistant that has been trained to predict life outcomes.

 
                         ### Input:
country is South Korea, age is 22, desire is wants a baby

 
                         ### Response:
kid: 1"
You are a smart and helpful AI assistant that has been trained to predict life outcomes.,"country is Chad, age is 19, desire is doesn't want a baby",kid: 0,"Below is an instruction that describes a task, paired with an input that provides further context. Write a response that appropriately completes the request.

  
                         ### Instruction:
You are a smart and helpful AI assistant that has been trained to predict life outcomes.

 
                         ### Input:
country is Chad, age is 19, desire is doesn't want a baby

 
                         ### Response:
kid: 0"
You are a smart and helpful AI assistant that has been trained to predict life outcomes.,"country is Netherlands, age is 44, desire is doesn't want a baby",kid: 0,"Below is an instruction that describes a task, paired with an input that provides further context. Write a response that appropriately completes the request.

  
                         ### Instruction:
You are a smart and helpful AI assistant that has been trained to predict life outcomes.

 
                         ### Input:
country is Netherlands, age is 44, desire is doesn't want a baby

 
                         ### Response:
kid: 0"
You are a smart and helpful AI assistant that has been trained to predict life outcomes.,"country is Chad, age is 30, desire is doesn't want a baby",kid: 0,"Below is an instruction that describes a task, paired with an input that provides further context. Write a response that appropriately completes the request.

  
                         ### Instruction:
You are a smart and helpful AI assistant that has been trained to predict life outcomes.

 
                         ### Input:
country is Chad, age is 30, desire is doesn't want a baby

 
                         ### Response:
kid: 0"
You are a smart and helpful AI assistant that has been trained to predict life outcomes.,"country is Netherlands, age is 27, desire is doesn't want a baby",kid: 1,"Below is an instruction that describes a task, paired with an input that provides further context. Write a response that appropriately completes the request.

  
                         ### Instruction:
You are a smart and helpful AI assistant that has been trained to predict life outcomes.

 
                         ### Input:
country is Netherlands, age is 27, desire is doesn't want a baby

 
                         ### Response:
kid: 1"
You are a smart and helpful AI assistant that has been trained to predict life outcomes.,"country is South Korea, age is 38, desire is doesn't want a baby",kid: 0,"Below is an instruction that describes a task, paired with an input that provides further context. Write a response that appropriately completes the request.

  
                         ### Instruction:
You are a smart and helpful AI assistant that has been trained to predict life outcomes.

 
                         ### Input:
country is South Korea, age is 38, desire is doesn't want a baby

 
                         ### Response:
kid: 0"
You are a smart and helpful AI assistant that has been trained to predict life outcomes.,"country is Netherlands, age is 35, desire is doesn't want a baby",kid: 0,"Below is an instruction that describes a task, paired with an input that provides further context. Write a response that appropriately completes the request.

  
                         ### Instruction:
You are a smart and helpful AI assistant that has been trained to predict life outcomes.

 
                         ### Input:
country is Netherlands, age is 35, desire is doesn't want a baby

 
                         ### Response:
kid: 0"
You are a smart and helpful AI assistant that has been trained to predict life outcomes.,"country is Chad, age is 25, desire is doesn't want a baby",kid: 1,"Below is an instruction that describes a task, paired with an input that provides further context. Write a response that appropriately completes the request.

  
                         ### Instruction:
You are a smart and helpful AI assistant that has been trained to predict life outcomes.

 
                         ### Input:
country is Chad, age is 25, desire is doesn't want a baby

 
                         ### Response:
kid: 1"
You are a smart and helpful AI assistant that has been trained to predict life outcomes.,"country is Netherlands, age is 36, desire is doesn't want a baby",kid: 0,"Below is an instruction that describes a task, paired with an input that provides further context. Write a response that appropriately completes the request.

  
                         ### Instruction:
You are a smart and helpful AI assistant that has been trained to predict life outcomes.

 
                         ### Input:
country is Netherlands, age is 36, desire is doesn't want a baby

 
                         ### Response:
kid: 0"
You are a smart and helpful AI assistant that has been trained to predict life outcomes.,"country is South Korea, age is 44, desire is wants a baby",kid: 1,"Below is an instruction that describes a task, paired with an input that provides further context. Write a response that appropriately completes the request.

  
                         ### Instruction:
You are a smart and helpful AI assistant that has been trained to predict life outcomes.

 
                         ### Input:
country is South Korea, age is 44, desire is wants a baby

 
                         ### Response:
kid: 1"
